id,question
1590140,What are the different levels of severity for mental illnesses?
1590140,Can you explain how mental illnesses impact daily functioning?
1590140,Are mental illnesses linked to a person's character or intelligence?
1590140,What treatments are available for mental illnesses?
1590140,How effective is treatment for individuals with mental illness?
6361820,What percentage of mental health conditions develop by age 24?
6361820,Which demographic is most susceptible to eating disorders?
6361820,How are serious emotional disturbances defined in children under 18?
6361820,Why is it difficult to identify mental health disorders in adolescents?
6361820,What is the estimated proportion of adults affected by mental illness in America?
2110618,What percentage of adults in America are affected by mental illness?
2110618,Which demographics are particularly vulnerable to mental health conditions?
2110618,At what age do most mental health conditions typically develop?
2110618,Why might it be difficult to identify mental health disorders in adolescents?
2110618,What should parents look for to identify serious emotional disturbances in children?
9434130,What are some common symptoms that may indicate a mental health disorder in adults?
9434130,How can I identify signs of mental health issues in older children and pre-teens?
9434130,What symptoms suggest a mental health disorder in younger children?
9434130,What should I be aware of regarding extreme emotional states in adults?
9434130,How do changes in eating and sleeping habits relate to mental health in different age groups?
7657263,What is the significance of early identification in the healing process from mental illness?
7657263,Can you explain the importance of being proactive in one's recovery from mental illness?
7657263,What should I expect after being diagnosed with a mental illness regarding treatment options?
7657263,Is it common for symptoms to return after treatment for a mental illness?
7657263,How can I manage my disorder effectively to live a fulfilling life?
1619387,Should I talk to someone if I notice symptoms in myself or a loved one?
1619387,What should I do if I am concerned about a friend's mental health?
1619387,Is it important to seek professional help for mental health issues immediately?
1619387,How can I encourage someone to seek help for their mental health?
1619387,What role can friends and family members play in supporting someone with mental health challenges?
1030153,Why is it important to feel comfortable with my psychiatrist?
1030153,How can I find a suitable mental health professional for my child?
1030153,What should I do if I don't feel comfortable with my current provider?
1030153,Is there a specific way to research mental health professionals in my area?
1030153,How do I know if a professional is the right fit for my needs?
1155199,What information do you have about the causes of this illness?
1155199,Are there other conditions with similar symptoms that I should be aware of?
1155199,Will there be a need for any physical or neurological exams during the assessment?
1155199,Should I consider seeking an independent opinion from another mental health professional?
1155199,How will family members be involved in the treatment plan and its coordination?
8022026,What are the different types of treatment options available for mental illness?
8022026,How do treatment options vary from person to person?
8022026,Why is it important to find the right treatment for myself or my child?
8022026,Can you explain how mental illness treatment compares to physical illness treatment?
8022026,What should I consider when looking for the best treatment for mental health issues?
7760466,What are the different types of mental health professionals available?
7760466,How can I determine which mental health professional is best for me?
7760466,What factors should I consider when choosing a mental health provider?
7760466,Do mental health professionals have different areas of expertise?
7760466,Is it important to research mental health providers before making a choice?
2553795,Why is it important to feel comfortable with my mental health professional?
2553795,How can I determine if a psychiatrist is the right fit for my needs?
2553795,What steps should I take to find a suitable mental health professional?
2553795,How does the comfort level with a psychiatrist affect treatment outcomes?
2553795,What factors should I consider when researching mental health professionals?
1259439,What should I understand about what causes this particular illness?
1259439,Are there other conditions that share similar symptoms to this diagnosis?
1259439,Do you typically perform a physical or neurological exam during the initial assessment?
1259439,Will there be any additional tests required for a comprehensive evaluation?
1259439,How involved should families be in the treatment process and what role do they play?
4197817,What are some initial steps I can take to seek help for my mental health concerns?
4197817,Who can I talk to for support when facing mental health issues?
4197817,Are there specific resources for mental health services available in Nebraska?
4197817,How can peer support contribute to my recovery from mental illness?
4197817,What types of organizations provide support groups for mental health consumers and their families?
5343181,What are some common reasons people stop taking their medication?
5343181,What issues can arise from stopping medication abruptly?
5343181,How can withdrawal symptoms be managed if medication is stopped?
5343181,Why is it essential to consult with a doctor before changing medication?
5343181,What should I do if I experience side effects from my medication?
5778437,What types of assistance do pharmaceutical companies provide for those struggling financially?
5778437,What is typically required to enroll in prescription assistance programs?
5778437,Can individuals with health insurance access these assistance programs?
5778437,Where can I find more information about prescription programs I might qualify for?
5778437,Is a doctor's consent necessary for these pharmaceutical assistance programs?
9541219,What types of therapy are effective for different mental health conditions?
9541219,How does the effectiveness of therapy vary based on symptoms?
9541219,Why is it important to consider the age of the patient in therapy?
9541219,What should I look for in a therapist for children's mental health?
9541219,Can you explain how therapy effectiveness is influenced by individual differences?
3268009,What types of treatments are available for mental health conditions?
3268009,Are there options beyond medication and therapy for mental health issues?
3268009,How should individuals choose their mental health treatment plans?
3268009,Can self-help plans be considered effective for mental health conditions?
3268009,What role do peer support programs play in mental health treatment?
3388962,What should I expect the medication to do once I start taking it?
3388962,"How long will it take for the medication to show its effects, and how will I recognize effectiveness?"
3388962,"What are the proper instructions for taking this medication, and what should I avoid while on it?"
3388962,"What should I be aware of in terms of side effects, and how should I respond if they occur?"
3388962,What steps should I take if I accidentally miss a dose of the medication?
4211025,What options are available for individuals experiencing a crisis?
4211025,How can inpatient care assist with medication adjustments?
4211025,In what situations might someone consider inpatient care?
4211025,What kind of support does inpatient care provide for new symptoms?
4211025,Who should seek inpatient care during a mental health crisis?
9539480,What types of organizations offer peer support groups for mental health recovery?
9539480,Are there support groups specifically for family members and friends of consumers?
9539480,Can you explain the difference between peer-led support groups and those led by mental health professionals?
9539480,How can peer support be beneficial in the recovery process?
9539480,What kind of support do these groups provide to participants?
4031860,What resources are available to help me find mental health treatment in my area?
4031860,How can I locate the right therapist for my needs?
4031860,What options should I consider when seeking treatment for mental health issues?
4031860,Can you explain the treatment process for mental health care?
4031860,Are there specific tools to assist in understanding my mental health treatment options?
5215843,What should I consider before joining a research study for mental health treatment?
5215843,Why would someone participate in a clinical trial if other treatments haven't worked?
5215843,What are the potential risks of enrolling in a clinical trial for mental health?
5215843,How can I find out more about the safety and effectiveness of new treatments in clinical trials?
5215843,What types of new medications might be tested in mental health research studies?
7728364,What components make up our mental health?
7728364,How are beliefs related to mental health?
7728364,In what way do thoughts influence our mental health?
7728364,Can feelings affect our mental health status?
7728364,How do behaviors play a role in mental health?
3340726,What types of mental health professionals are available?
3340726,How can I find the right mental health professional for my needs?
3340726,Is it important to do research before choosing a mental health provider?
3340726,What steps should I take to identify the best mental health expert for me?
3340726,Can I find a suitable mental health professional without any research?
8927672,What is a psychiatric advance directive and what purpose does it serve?
8927672,How does a psychiatric advance directive relate to a medical advance directive?
8927672,When should a psychiatric advance directive be completed?
8927672,How can a psychiatric advance directive influence my mental health care during a crisis?
8927672,What kind of instructions can be included in a psychiatric advance directive?
4194958,How can I discover what will help me with my mental health challenges?
4194958,What should I keep in mind while searching for effective help?
4194958,Is it common for different methods to work for different individuals?
4194958,How important is it to remain hopeful during the healing process?
4194958,What should I do if I encounter setbacks in finding effective support?
1667863,What are some ways to develop my wellbeing?
1667863,How can I improve my resilience against mental health issues?
1667863,Why is it important to seek help early for mental health challenges?
1667863,What types of mental health challenges are common among people?
1667863,How can preventative measures help with serious mental health issues?
8904276,What are some effective strategies to manage my mental health issues?
8904276,How can talking and counselling support my mental well-being?
8904276,What role do friendships play in improving mental health?
8904276,How important is exercise in addressing mental health challenges?
8904276,Can good sleep and nutrition really make a difference in my mental health?
4283807,What are some common sources of mental health challenges?
4283807,Can you explain the factors that contribute to mental health problems?
4283807,How do life events impact mental health issues?
4283807,Are psychological and biological issues both significant in mental health?
4283807,What role do social issues play in affecting mental health?
8690253,Who should I talk to when I need support?
8690253,Is it important to talk to a friend or family member?
8690253,Can talking to my GP help with my mental health?
8690253,What additional steps can I take to understand my feelings?
8690253,How can I start getting help for my challenges?
2973656,What should I do if my thoughts are affecting my daily life?
2973656,How can I tell if my feelings require professional help?
2973656,What does it mean if my behaviors impact my ability to function normally?
2973656,When is it crucial to seek assistance for my mental health?
2973656,In what situations should I consider getting help for my beliefs?
4759773,What is the best way to encourage someone to seek help for their mental health?
4759773,How should I approach a friend who I think needs support?
4759773,Is there a gentle way to suggest therapy to someone?
4759773,What initial steps can I take to help someone struggling with mental health issues?
4759773,How can I support someone who might be hesitant to seek professional help?
1511075,How do I determine what mental health strategies are effective for me personally?
1511075,What should I consider when someone offers advice on mental health strategies?
1511075,Can advice from others truly reflect what works for me mentally?
1511075,Why is it essential to focus on my own experience in mental health treatment?
1511075,What does it mean when people say to find what works best for you?
2554141,What are some things I can control during uncertain times like a pandemic?
2554141,How can I create a daily schedule to stay connected with loved ones?
2554141,What should be included in my planning for daily tasks and goals?
2554141,What resources are available for improving my problem-solving skills during stressful situations?
2554141,How can I find local support organizations if I need extra help during this time?
7069853,Why is it important to stay informed during a pandemic instead of blocking out the world?
7069853,What actions can I take to help manage feelings of hopelessness and despair during a crisis?
7069853,How can reliable information about COVID-19 improve my mental health?
7069853,What are some strategies for staying updated on pandemic news without feeling overwhelmed?
7069853,How should I approach social media to ensure I receive accurate information during a health crisis?
4181750,What should I consider when evaluating the reliability of online information?
4181750,Which organizations are deemed reliable sources for COVID-19 information?
4181750,How can I identify misleading headlines or titles when reading news articles?
4181750,What are signs of unhelpful sources when it comes to health information?
4181750,How should I approach finding health information on social media?
9100298,What are some effective ways to maintain social connections while being physically distanced?
9100298,How can I address feelings of loneliness during these times of isolation?
9100298,What resources are available for free mental health support and counseling?
9100298,How can I find local community support groups during the pandemic?
9100298,What should I do if my current social strategies aren't making me feel connected?
9250044,What are some effective low-effort distractions I can use when I feel overwhelmed?
9250044,How can I stay productive and focused when my energy levels are higher?
9250044,What creative ways can I engage with the world from home during social distancing?
9250044,How can I turn my daily activities into a fun and competitive challenge with others?
9250044,What are some community support opportunities I can participate in to help others while also improving my mental health?
2884887,How can maintaining physical health benefit my mental health during stressful times?
2884887,What are some healthy food options to consider when grocery shopping?
2884887,What should I do if I cannot go grocery shopping myself?
2884887,What types of exercises can I do at home to improve my mental health?
2884887,"How can I ensure I'm getting enough sleep, and what resources are available to assist with sleep issues?"
3597720,How can my thoughts influence my feelings and actions during stressful times?
3597720,What are some positive aspects of difficult situations that I might overlook?
3597720,Why is it important to challenge negative thoughts when I feel overwhelmed?
3597720,How can I reframe thoughts to make them more productive or hopeful?
3597720,What steps can I take to feel more in control during uncertain times?
4134858,What are some reasons people might experience grief beyond losing a loved one or pet?
4134858,How can I better express my feelings during the grieving process?
4134858,What are some self-care strategies to help manage feelings of grief?
4134858,Why is it important to seek support from friends or family when grieving?
4134858,What resources are available for young people struggling with grief?
7535002,How do negative thoughts about a situation impact my feelings and actions?
7535002,What are some common thinking traps that might distort my interpretation of events?
7535002,What specific questions can I ask myself to challenge my thoughts when I'm feeling upset?
7535002,How can I find evidence to counter negative assumptions I have about myself?
7535002,What strategies can I use to develop a more balanced perspective after falling into a thinking trap?
9676742,How can I find a family doctor in BC?
9676742,What should I do if I need ongoing care from a doctor?
9676742,Is a referral necessary to see a psychiatrist?
9676742,Where can I locate a registered psychologist in BC?
9676742,What resources are available for finding a clinical counsellor?
2612846,What is the process for getting a referral to a psychiatrist in BC?
2612846,Can I ask a walk-in clinic doctor for a referral to see a psychiatrist?
2612846,Is it possible to self-refer to a mental health program without a referral?
2612846,Where can I find my local mental health centre in BC?
2612846,What should I do if I need help finding mental health services in my area?
3166337,How can I make an appointment with a Registered Psychologist?
3166337,Do I need a referral from a doctor to see a psychologist?
3166337,Will my MSP cover the cost of seeing a Registered Psychologist?
3166337,What should I do if I cannot afford the cost of a psychologist's appointment?
3166337,Can I find lower-cost counselling options if I don't see a Registered Psychologist?
7009409,How can I find directories of professional counsellors in Canada?
7009409,Is a doctor's referral necessary to see a counsellor?
7009409,"Are counselling services covered by MSP, and what alternatives exist for cost coverage?"
7009409,What should I do if I am facing financial hardship and need counselling?
7009409,What resources are available for Indigenous community members seeking counselling services?
9630578,What are support groups and how do they help individuals with mental illness?
9630578,Where can I find support groups for specific mental health diagnoses in BC?
9630578,How can I reach out to my mental health care provider for support group recommendations?
9630578,What should I consider before joining a support group to ensure it's a good fit for me?
9630578,What alternatives are available if I cannot attend an in-person support group?
1585622,What are some ways I can encourage my child to seek help for their mental health?
1585622,Who should I contact if I am concerned about my child's mental well-being?
1585622,Where can I find a local Child & Youth Mental Health office that offers walk-in services?
1585622,How can I use the Help Finder Tool provided by Kelty Mental Health?
1585622,What resources are available for young individuals aged 12-24 seeking mental health care in my area?
1833460,What steps should I take if I am concerned about my mental health?
1833460,How can I find local mental health services in my area?
1833460,What should I do if I notice a loved one struggling with their mental health?
1833460,How can I approach a loved one who is reluctant to discuss their mental health issues?
1833460,Where can I find resources specifically for seniors experiencing mental health concerns?
6981545,What should I do if I have concerns about low mood before seeking self-help resources?
6981545,Which workbook is recommended for someone dealing with depression at work?
6981545,Can you provide details about the Bounce Back program and how to access it?
6981545,What resources are available for new mothers experiencing postpartum depression?
6981545,Are there any online self-help courses for depression that I can access for free?
2115228,What should I do if I have concerns about low mood before seeking self-help resources?
2115228,Can you recommend any specific self-help resources for anxiety in children and teens?
2115228,Is there a program that combines self-help materials with support for managing anxiety?
2115228,Where can I find self-help books or workbooks related to mental health in British Columbia?
2115228,What options are available for someone looking to access Bounce Back materials without a coach?
2009922,What resources are available for managing emotional challenges related to chronic health problems?
2009922,How can a family member or friend participate in programs offered by Self-Management BC?
2009922,What does the workbook Positive Coping with Health Conditions cover regarding the relationship between physical and mental health?
2009922,How does the Bounce Back program assist those struggling with mild to moderate depression or anxiety?
2009922,Where can I find a therapist or counselor if I need one-on-one support?
6167248,What are some reasons people use substances like alcohol and drugs?
6167248,How can I better understand my relationship with substances?
6167248,Are there any resources available for supporting someone who uses substances?
6167248,What tips are available for cutting back or quitting substance use?
6167248,Where can I find local support for substance use issues in BC?
1546812,What does BC PharmaCare cover under Plan G?
1546812,Who is eligible for Plan G coverage through BC PharmaCare?
1546812,How can I apply for medication coverage under Plan G?
1546812,How long does the coverage from Plan G last?
1546812,What should I do if I want to learn more about Plan G?
6779222,What types of mental health services might be covered by my BC Medical Services Plan (MSP)?
6779222,How can I find local counselling services in my area?
6779222,What should I do if I do not have a doctor's referral for mental health care?
6779222,Are there options for low-cost counselling available in my community?
6779222,Which mental health organizations can I contact for support and referrals?
2176317,What mental health services are typically covered by MSP in the public system?
2176317,"If I need to see a private practitioner for mental health, will I have to pay for it?"
2176317,Are there financial assistance options available for mental health services not covered by MSP?
2176317,How can I find lower-cost mental health services based on my income?
2176317,What steps should I take if I find costs to be a barrier to my mental health care?
3284724,What are the three income levels associated with provincial income assistance?
3284724,Who administers the PWD and PPMB benefits in British Columbia?
3284724,What types of conditions may qualify for PWD or PPMB benefits?
3284724,What resources can assist with the PWD and PPMB application process?
3284724,Where can I find more information about provincial PWD benefits and advocacy tips?
5981663,What does MSP stand for in the context of health insurance in British Columbia?
5981663,What types of medical services does MSP cover for residents?
5981663,Is it mandatory for everyone living in British Columbia to enroll in MSP?
5981663,How can I contact Health Insurance BC for questions about MSP?
5981663,What documents do I need to bring to appointments when I have MSP coverage?
6623577,What does a referral in health care mean and how does it relate to seeing a psychiatrist?
6623577,What criteria might I need to meet to access certain specialists in BC?
6623577,How will I be contacted after my doctor makes a referral to a specialist?
6623577,Does the process for obtaining a referral differ if I see my family doctor or a walk-in clinic?
6623577,"Are there mental health programs in BC that do not require a doctor's referral, and how can I find out more about them?"
1898078,"What is the difference between psychotherapy and counselling, or do they mean the same thing?"
1898078,Who are the professionals that can provide counselling or psychotherapy?
1898078,Can talking to friends or family be helpful for mental health issues?
1898078,What are some effective types of psychotherapy for different mental health problems?
1898078,Why is the relationship between a client and therapist important in therapy?
6851366,What qualifications does a psychiatrist have that allow them to prescribe medications?
6851366,How can I access a registered psychologist in the public system?
6851366,What should I consider when choosing between a psychiatrist and a psychologist for my mental health treatment?
6851366,Are the fees for seeing a psychiatrist covered if I have a BC Services Card?
6851366,How can I find local psychiatrists or psychologists if I need help?
1706961,What are the primary focuses of cognitive-behavioural therapy (CBT) compared to dialectical behaviour therapy (DBT)?
1706961,"How does CBT help individuals manage their thoughts, feelings, and behaviours?"
1706961,What types of mental health problems has CBT been proven to be effective for?
1706961,Can you explain the significance of validation and relationships within DBT?
1706961,What types of skills can one expect to learn through dialectical behaviour therapy?
1043721,What should I do if I have concerns about my diagnosis from a mental health professional?
1043721,How can I obtain a second opinion if I'm not satisfied with my current diagnosis?
1043721,Is it common to ask for a second opinion regarding mental health decisions?
1043721,Who should I talk to for a referral to a different mental health professional?
1043721,Where can I find more resources on managing a mental illness and working with health care providers?
4925221,What are the different classes of antidepressants and how do they work?
4925221,Can you provide examples of common antidepressants from different classes?
4925221,Why might older classes of antidepressants be prescribed over newer ones?
4925221,Who is qualified to prescribe antidepressant medications?
4925221,What should I do if I experience side effects from my antidepressant?
2746837,What should I do if a loved one is struggling and I want to help them but they don't seem to recognize they need care?
2746837,How can I approach a conversation with someone about their mental health without overstepping boundaries?
2746837,What are the risks of trying to diagnose a mental health condition on my own for someone I care about?
2746837,Is there a way to encourage a friend or family member to seek help without making them feel pressured?
2746837,What actions can I take for my own mental well-being while supporting someone else who's in distress?
3393534,How can a brain injury impact mental health?
3393534,Are the mental health issues caused by a brain injury treatable?
3393534,What type of professional should I seek for help after a brain injury?
3393534,Can mental health problems occur independently of a brain injury?
3393534,Where can I find more resources and support for brain injuries and mental health?
8471978,What should I do if I'm worried about the side effects of my medications?
8471978,How long does it usually take to see improvements with antidepressants?
8471978,Can I stop taking my medication if I start feeling better?
8471978,What steps should I take if I experience a serious allergic reaction to a medication?
8471978,How can I ensure I understand the side effects and information about my new medication from the pharmacist?
5640861,What should I do if I am worried about a young family member's mental health?
5640861,Where can I find a family doctor if I don't have one?
5640861,How can a school counsellor assist if my child is struggling at school?
5640861,What kind of support does the Kelty Mental Health Resource Centre provide?
5640861,Is there a program for parents to manage mild behavior issues in young children?
3055896,What are some ways I can support a loved one who is experiencing schizophrenia?
3055896,How can I effectively listen to my loved one when they talk about their schizophrenia symptoms?
3055896,What should I do if my loved one is having hallucinations or delusions?
3055896,How can I help my loved one create a plan for their care when they feel well?
3055896,What actions should I take if my loved one expresses thoughts of self-harm?
3839472,What are some ways to help a loved one dealing with depression?
3839472,How can I create a supportive environment for someone who is experiencing mental health issues?
3839472,What should I do if my loved one doesn't want to talk about their feelings?
3839472,What resources are available if my loved one isn't satisfied with their current treatment?
3839472,How can I take care of myself while supporting someone with a mental illness?
4200873,What should I do if I feel overwhelmed by my parent's illness?
4200873,Where can I find information to better understand mental illnesses?
4200873,How can I cope with my mixed feelings about my parent's mental health?
4200873,Are there support groups available for young people dealing with a parent's mental illness?
4200873,Who can I talk to for help if Iâ€™m struggling with my feelings at home?
2447683,What are some potential reasons young people choose to use cannabis?
2447683,How does the age of first cannabis use relate to the potential for harm?
2447683,Why might it be particularly harmful for some individuals with mental health issues to use cannabis?
2447683,What are some ways to have a healthy conversation with young people about cannabis use?
2447683,"How can mixing cannabis with other substances, like alcohol, affect a young person's experience?"
1337085,What should I do if I or someone I care about is having thoughts of suicide?
1337085,Where can I find help if I need to talk about my suicidal thoughts?
1337085,Is there a resource for understanding and managing suicidal thoughts?
1337085,What kind of information does the Centre for Suicide Prevention provide?
1337085,How can I encourage someone who is struggling with suicidal thoughts to seek help?
7995219,What are the key differences between mental health and mental illness?
7995219,How does mental health relate to our emotional well-being and social connections?
7995219,Is it possible to experience poor mental health without having a mental illness?
7995219,Can someone have good mental health even if they are diagnosed with a mental illness?
7995219,What factors contribute to achieving good mental health despite ongoing challenges?
2903196,What specific resources do you provide for mood disorders and bipolar disorder?
2903196,Can you tell me about the self-test available for depression on your platform?
2903196,What does the Managing Depression series offer for someone dealing with depression?
2903196,Is there any material available for lower literacy readers regarding depression?
2903196,How can personal stories help me in my experience with depression?
4893447,What are the signs that my anxiety is becoming a problem?
4893447,How does normal anxiety differ from an anxiety disorder?
4893447,Can anxiety be a helpful response in certain situations?
4893447,What should I do if I feel trapped by my anxiety?
4893447,When should I seek help for my anxiety?
8612349,What are the main differences between stress and anxiety in terms of their causes?
8612349,How do the physical sensations of stress compare to those of anxiety?
8612349,"In what way are stress and anxiety related to the 'fight, flight, or freeze' response?"
8612349,"Can symptoms of stress and anxiety persist over long periods, and what does that indicate?"
8612349,Why might it be challenging to identify the root cause of anxiety compared to stress?
9045344,What is the current term used for dysthymia?
9045344,How does persistent depressive disorder differ from major depressive disorder?
9045344,How many symptoms are required for a diagnosis of PDD?
9045344,What is the duration of symptoms necessary for a PDD diagnosis?
9045344,Why might individuals with PDD mistakenly believe it is just part of their personality?
9020440,What is cyclothymic disorder and how does it relate to bipolar disorder?
9020440,What are the symptoms that indicate a person might have hypomania?
9020440,How many symptoms of depression are needed to consider the diagnosis of cyclothymic disorder?
9020440,Is it possible for someone with cyclothymic disorder to experience periods of wellness?
9020440,Who should I consult if I suspect I have cyclothymic disorder?
6062232,"What are common reasons for feeling sad, and how long do these feelings usually last?"
6062232,How can I differentiate between normal sadness and clinical depression?
6062232,What are some signs that may indicate someone is experiencing depression?
6062232,What should I do if I'm concerned that I might be dealing with depression?
6062232,How does depression affect daily functioning and relationships with others?
5819325,What does rapid cycling mean in relation to bipolar disorder?
5819325,How many episodes classify as rapid cycling for someone with bipolar disorder?
5819325,What percentage of bipolar disorder patients experience rapid cycling?
5819325,"Does rapid cycling always persist, or can it go away?"
5819325,What is the typical pattern of episodes for someone with rapid cycling?
4816493,What are the main symptoms associated with borderline personality disorder (BPD)?
4816493,Where can I find support groups for BPD in British Columbia?
4816493,What type of therapy is offered at the DBT Centre of Vancouver for individuals with BPD?
4816493,Are there any informative resources or publications specifically about BPD?
4816493,Can you recommend any helpful books related to borderline personality disorder?
9178453,What is the definition of a personality disorder?
9178453,How does schizoid personality disorder (SPD) affect social interactions?
9178453,What might someone with SPD prefer in terms of social relationships?
9178453,Is schizoid personality disorder the same as schizophrenia?
9178453,What steps can I take to find help for managing schizoid personality disorder?
9679704,What defines a personality disorder and how does it relate to antisocial personality disorder?
9679704,In what ways might a person with antisocial personality disorder perceive the rights of others?
9679704,"At what age is antisocial personality disorder typically diagnosed, and what earlier diagnosis might precede it?"
9679704,What treatment options are available for someone diagnosed with antisocial personality disorder?
9679704,How can I seek help if I suspect I or someone else has antisocial personality disorder?
9167296,What is the definition of a personality disorder?
9167296,How does obsessive-compulsive personality disorder (OCPD) differ from obsessive-compulsive disorder (OCD)?
9167296,What are some common characteristics of individuals with obsessive-compulsive personality disorder?
9167296,What types of treatment options are available for obsessive-compulsive personality disorder?
9167296,How might a person with OCPD approach relationships and responsibilities?
7984793,What are the key differences between dissociative identity disorder and schizophrenia?
7984793,Can you explain what dissociative identity disorder really involves?
7984793,How does dissociation play a role in dissociative identity disorder?
7984793,What symptoms typically characterize schizophrenia?
7984793,Why might someone with dissociative identity disorder not be easily diagnosed?
9049618,"What is binge-eating disorder, and how does it differ from occasional overeating?"
9049618,What feelings might accompany episodes of binge-eating for those affected?
9049618,How can someone tell if they are experiencing binge-eating disorder rather than just overeating occasionally?
9049618,Why might individuals with binge-eating disorder try to keep their symptoms a secret?
9049618,"Is binge-eating disorder treatable, and what steps should one take if they suspect they have it?"
6085633,What are the primary symptoms associated with psychosis?
6085633,Can you explain what hallucinations and delusions are?
6085633,What other mental illnesses might lead to psychosis aside from schizophrenia?
6085633,How can extreme stress or trauma contribute to experiencing psychosis?
6085633,"Is psychosis treatable, and why is early intervention important?"
1896541,What are positive symptoms in schizophrenia and can you provide examples?
1896541,How do negative symptoms differ from positive symptoms in schizophrenia?
1896541,Can you explain what cognitive symptoms are and how they relate to schizophrenia?
1896541,What types of emotions might be affected by negative symptoms in schizophrenia?
1896541,Could you describe what hallucinations and delusions mean in the context of positive symptoms?
4962901,What does the term prodrome refer to in a medical context?
4962901,How does the prodrome of psychosis differ from its full-blown symptoms?
4962901,What are some common symptoms associated with the prodrome of psychosis?
4962901,Why can identifying prodrome symptoms be difficult for various mental illnesses?
4962901,What should someone do if they are concerned about prodrome signs in themselves or a loved one?
6869967,"Can ADHD persist into adulthood, and are there adults who aren't diagnosed until later in life?"
6869967,What steps should I take if I suspect I have ADHD and want to get diagnosed?
6869967,Which organizations can I turn to for resources and support regarding adult ADHD?
6869967,What kind of information can I find on the CADDRA website about adult ADHD?
6869967,Is there a support group for adults dealing with ADHD in Vancouver?
4824231,What does addiction mean when people use it in different contexts?
4824231,How can substance use be both beneficial and harmful?
4824231,What factors influence whether substance use is problematic for an individual?
4824231,What role do reasons for using a substance play in developing potential problems?
4824231,What principles should guide someone in managing their substance use?
4373204,How can I determine if my drinking is becoming a problem in my life?
4373204,What factors should I consider when evaluating my relationship with alcohol?
4373204,What steps can I take to minimize the risks associated with my drinking behavior?
4373204,How can I use the Alcohol Reality Check screening app to assess my drinking patterns?
4373204,What resources are available for treatment options related to alcohol use in British Columbia?
7807643,What are the cancer risks associated with smoking cannabis compared to tobacco?
7807643,How does the legalization of cannabis in Canada affect its regulation and safety?
7807643,What are the potential contaminants found in cannabis obtained from illegal sources?
7807643,In what ways can the legalization of cannabis facilitate community discussions about drug use?
7807643,What role does the Canadian Institute for Substance Use Research play in substance use studies?
4294616,What options are available for reducing substance use or quitting altogether?
4294616,How important is it to seek support from others when making changes to substance use habits?
4294616,What resources can I access for help with substance use problems?
4294616,How can I ensure my privacy when discussing substance use with a doctor?
4294616,What are the factors that influence the type of help I might need for substance use issues?
4352464,How can I help my child make good choices in relation to drugs and alcohol?
4352464,What steps can I take to open a dialogue about drug use with my child?
4352464,Why is encouraging self-reflection important when discussing drug use with young people?
4352464,When is a good time to start conversations about alcohol and drugs with my child?
4352464,In what ways can I support my young adult child as they navigate drug-related decisions?
3221856,What is vaping and how does it work?
3221856,What types of vaping devices are available on the market?
3221856,What age must you be in British Columbia to purchase vaping products?
3221856,Why are young people attracted to vaping despite potential harms?
3221856,What are the long-term health risks associated with vaping that still need research?
